{
  "info": {
    "name": "Gin Healthcare API",
    "_postman_id": "c1a2b3c4-d5e6-7890-abcd-ef1234567890",
    "schema": "https://schema.getpostman.com/json/collection/v2.1.0/collection.json",
    "description": "Postman collection for Gin Healthcare APIs"
  },
  "variable": [
    {
      "key": "baseUrl",
      "value": "http://localhost:8080/api/v1"
    },
    {
      "key": "patientId",
      "value": "1"
    },
    {
      "key": "labId",
      "value": "1"
    },
    {
      "key": "encounterId",
      "value": "1"
    },
    {
      "key": "medicationId",
      "value": "1"
    }
  ],
  "item": [
    {
      "name": "Patients",
      "item": [
        {
          "name": "Create Patient",
          "request": {
            "method": "POST",
            "header": [
              {
                "key": "Content-Type",
                "value": "application/json"
              }
            ],
            "url": "{{baseUrl}}/patients",
            "body": {
              "mode": "raw",
              "raw": "{\n  \"name\": \"John Doe\",\n  \"age\": 45\n}"
            }
          }
        },
        {
          "name": "Get Patient By ID",
          "request": {
            "method": "GET",
            "url": "{{baseUrl}}/patients/{{patientId}}"
          }
        },
        {
          "name": "Update Patient",
          "request": {
            "method": "PUT",
            "header": [
              {
                "key": "Content-Type",
                "value": "application/json"
              }
            ],
            "url": "{{baseUrl}}/patients/{{patientId}}",
            "body": {
              "mode": "raw",
              "raw": "{\n  \"name\": \"John Updated\",\n  \"age\": 50\n}"
            }
          }
        },
        {
          "name": "Delete Patient",
          "request": {
            "method": "DELETE",
            "url": "{{baseUrl}}/patients/{{patientId}}"
          }
        }
      ]
    },
    {
      "name": "Labs",
      "item": [
        {
          "name": "Create Lab",
          "request": {
            "method": "POST",
            "header": [
              {
                "key": "Content-Type",
                "value": "application/json"
              }
            ],
            "url": "{{baseUrl}}/patients/{{patientId}}/labs",
            "body": {
              "mode": "raw",
              "raw": "{\n  \"lab_name\": \"Blood Test\",\n  \"lab_result\": \"positive\"\n}"
            }
          }
        },
        {
          "name": "Update Lab",
          "request": {
            "method": "PUT",
            "header": [
              {
                "key": "Content-Type",
                "value": "application/json"
              }
            ],
            "url": "{{baseUrl}}/labs/{{labId}}",
            "body": {
              "mode": "raw",
              "raw": "{\n  \"lab_name\": \"Blood Test\",\n  \"lab_result\": \"negative\"\n}"
            }
          }
        }
      ]
    },
    {
      "name": "Encounters",
      "item": [
        {
          "name": "Create Encounter",
          "request": {
            "method": "POST",
            "header": [
              {
                "key": "Content-Type",
                "value": "application/json"
              }
            ],
            "url": "{{baseUrl}}/patients/{{patientId}}/encounters",
            "body": {
              "mode": "raw",
              "raw": "{\n  \"date\": \"2025-01-10\",\n  \"notes\": \"Routine checkup\"\n}"
            }
          }
        }
      ]
    },
    {
      "name": "Medications",
      "item": [
        {
          "name": "Create Medication",
          "request": {
            "method": "POST",
            "header": [
              {
                "key": "Content-Type",
                "value": "application/json"
              }
            ],
            "url": "{{baseUrl}}/patients/{{patientId}}/medications",
            "body": {
              "mode": "raw",
              "raw": "{\n  \"name\": \"Paracetamol\",\n  \"dosage\": \"500mg\"\n}"
            }
          }
        }
      ]
    }
  ]
}