{
  "info": {
    "name": "Patient CRUD API",
    "schema": "https://schema.getpostman.com/json/collection/v2.1.0/collection.json"
  },
  "item": [
    {
      "name": "Get All Patients",
      "request": {
        "method": "GET",
        "url": "http://localhost:8080/patients"
      }
    },
    {
      "name": "Add Patient",
      "request": {
        "method": "POST",
        "header": [{"key":"Content-Type","value":"application/json"}],
        "body": {
          "mode": "raw",
          "raw": "{\"name\":\"John\",\"age\":40}"
        },
        "url": "http://localhost:8080/add"
      }
    }
  ]
}