{
  "id": "afbe10ca-5cb4-497b-9efc-864f9f2434ee",
  "name": "HealthTrack360 Local",
  "values": [
    {
      "key": "baseUrl",
      "value": "http://localhost:8080",
      "enabled": true
    },
    {
      "key": "accessToken",
      "value": "",
      "enabled": true
    },
    {
      "key": "refreshToken",
      "value": "",
      "enabled": true
    }
  ],
  "_postman_variable_scope": "environment",
  "_postman_exported_at": "2025-12-02T07:58:05.361967Z",
  "_postman_exported_using": "ChatGPT"
}