{
  "info": {
    "_postman_id": "e10b3038-56a8-464c-b67f-16f3b7b5eec2",
    "name": "HealthTrack360 v7 - Backend API (with Admin Management)",
    "schema": "https://schema.getpostman.com/json/collection/v2.1.0/collection.json",
    "description": "Updated collection including admin bootstrap/admin management endpoints. Uses {{baseUrl}}, {{accessToken}}, {{refreshToken}}."
  },
  "item": [
    {
      "name": "Auth",
      "item": [
        {
          "name": "Login",
          "request": {
            "method": "POST",
            "header": [
              {
                "key": "Content-Type",
                "value": "application/json"
              }
            ],
            "url": {
              "raw": "{{baseUrl}}/api/auth/login",
              "host": [
                "{{baseUrl}}"
              ],
              "path": [
                "api",
                "auth",
                "login"
              ]
            },
            "body": {
              "mode": "raw",
              "raw": "{\n  \"email\": \"admin@example.com\",\n  \"password\": \"Admin@123\"\n}",
              "options": {
                "raw": {
                  "language": "json"
                }
              }
            }
          },
          "response": []
        },
        {
          "name": "Refresh Token",
          "request": {
            "method": "POST",
            "header": [
              {
                "key": "Content-Type",
                "value": "application/json"
              }
            ],
            "url": {
              "raw": "{{baseUrl}}/api/auth/refresh",
              "host": [
                "{{baseUrl}}"
              ],
              "path": [
                "api",
                "auth",
                "refresh"
              ]
            },
            "body": {
              "mode": "raw",
              "raw": "{\n  \"refreshToken\": \"{{refreshToken}}\"\n}",
              "options": {
                "raw": {
                  "language": "json"
                }
              }
            }
          },
          "response": []
        }
      ]
    },
    {
      "name": "Patients",
      "item": [
        {
          "name": "Register Patient",
          "request": {
            "method": "POST",
            "header": [
              {
                "key": "Content-Type",
                "value": "application/json"
              }
            ],
            "url": {
              "raw": "{{baseUrl}}/api/patients/register",
              "host": [
                "{{baseUrl}}"
              ],
              "path": [
                "api",
                "patients",
                "register"
              ]
            },
            "body": {
              "mode": "raw",
              "raw": "{\n  \"givenName\": \"John\",\n  \"familyName\": \"Doe\",\n  \"gender\": \"MALE\",\n  \"dateOfBirth\": \"1995-01-10\",\n  \"addressLine1\": \"123 Main Street\",\n  \"addressLine2\": \"Apt 4B\",\n  \"country\": \"India\",\n  \"state\": \"Maharashtra\",\n  \"city\": \"Mumbai\",\n  \"zip\": \"400001\",\n  \"phoneNumber\": \"+91-9876543210\",\n  \"email\": \"john.doe@example.com\",\n  \"password\": \"Patient@123\"\n}",
              "options": {
                "raw": {
                  "language": "json"
                }
              }
            }
          },
          "response": []
        },
        {
          "name": "Update My Demographics (/api/patients/me)",
          "request": {
            "method": "PUT",
            "header": [
              {
                "key": "Content-Type",
                "value": "application/json"
              }
            ],
            "auth": {
              "type": "bearer",
              "bearer": [
                {
                  "key": "token",
                  "value": "{{accessToken}}",
                  "type": "string"
                }
              ]
            },
            "url": {
              "raw": "{{baseUrl}}/api/patients/me",
              "host": [
                "{{baseUrl}}"
              ],
              "path": [
                "api",
                "patients",
                "me"
              ]
            },
            "body": {
              "mode": "raw",
              "raw": "{\n  \"addressLine1\": \"456 New Address\",\n  \"addressLine2\": \"Near City Center\",\n  \"country\": \"India\",\n  \"state\": \"Maharashtra\",\n  \"city\": \"Pune\",\n  \"zip\": \"411001\",\n  \"phoneNumber\": \"+91-9999999999\"\n}",
              "options": {
                "raw": {
                  "language": "json"
                }
              }
            }
          },
          "response": []
        },
        {
          "name": "Get My Profile (/api/patients/me)",
          "request": {
            "method": "GET",
            "auth": {
              "type": "bearer",
              "bearer": [
                {
                  "key": "token",
                  "value": "{{accessToken}}",
                  "type": "string"
                }
              ]
            },
            "url": {
              "raw": "{{baseUrl}}/api/patients/me",
              "host": [
                "{{baseUrl}}"
              ],
              "path": [
                "api",
                "patients",
                "me"
              ]
            }
          },
          "response": []
        },
        {
          "name": "Admin - List Patients",
          "request": {
            "method": "GET",
            "auth": {
              "type": "bearer",
              "bearer": [
                {
                  "key": "token",
                  "value": "{{accessToken}}",
                  "type": "string"
                }
              ]
            },
            "url": {
              "raw": "{{baseUrl}}/api/patients",
              "host": [
                "{{baseUrl}}"
              ],
              "path": [
                "api",
                "patients"
              ]
            }
          },
          "response": []
        },
        {
          "name": "Admin - Get Patient By Id",
          "request": {
            "method": "GET",
            "auth": {
              "type": "bearer",
              "bearer": [
                {
                  "key": "token",
                  "value": "{{accessToken}}",
                  "type": "string"
                }
              ]
            },
            "url": {
              "raw": "{{baseUrl}}/api/patients/1",
              "host": [
                "{{baseUrl}}"
              ],
              "path": [
                "api",
                "patients",
                "1"
              ]
            }
          },
          "response": []
        },
        {
          "name": "Admin - Delete Patient",
          "request": {
            "method": "DELETE",
            "auth": {
              "type": "bearer",
              "bearer": [
                {
                  "key": "token",
                  "value": "{{accessToken}}",
                  "type": "string"
                }
              ]
            },
            "url": {
              "raw": "{{baseUrl}}/api/patients/1",
              "host": [
                "{{baseUrl}}"
              ],
              "path": [
                "api",
                "patients",
                "1"
              ]
            }
          },
          "response": []
        }
      ]
    },
    {
      "name": "Doctors (Admin)",
      "item": [
        {
          "name": "Admin - Create Doctor",
          "request": {
            "method": "POST",
            "header": [
              {
                "key": "Content-Type",
                "value": "application/json"
              }
            ],
            "auth": {
              "type": "bearer",
              "bearer": [
                {
                  "key": "token",
                  "value": "{{accessToken}}",
                  "type": "string"
                }
              ]
            },
            "url": {
              "raw": "{{baseUrl}}/api/admin/doctors",
              "host": [
                "{{baseUrl}}"
              ],
              "path": [
                "api",
                "admin",
                "doctors"
              ]
            },
            "body": {
              "mode": "raw",
              "raw": "{\n  \"fullName\": \"Dr. Smith\",\n  \"specialization\": \"Cardiology\",\n  \"email\": \"dr.smith@example.com\",\n  \"password\": \"Doctor@123\"\n}",
              "options": {
                "raw": {
                  "language": "json"
                }
              }
            }
          },
          "response": []
        },
        {
          "name": "Admin - List Doctors",
          "request": {
            "method": "GET",
            "auth": {
              "type": "bearer",
              "bearer": [
                {
                  "key": "token",
                  "value": "{{accessToken}}",
                  "type": "string"
                }
              ]
            },
            "url": {
              "raw": "{{baseUrl}}/api/admin/doctors",
              "host": [
                "{{baseUrl}}"
              ],
              "path": [
                "api",
                "admin",
                "doctors"
              ]
            }
          },
          "response": []
        },
        {
          "name": "Admin - Get Doctor By Id",
          "request": {
            "method": "GET",
            "auth": {
              "type": "bearer",
              "bearer": [
                {
                  "key": "token",
                  "value": "{{accessToken}}",
                  "type": "string"
                }
              ]
            },
            "url": {
              "raw": "{{baseUrl}}/api/admin/doctors/1",
              "host": [
                "{{baseUrl}}"
              ],
              "path": [
                "api",
                "admin",
                "doctors",
                "1"
              ]
            }
          },
          "response": []
        },
        {
          "name": "Admin - Update Doctor",
          "request": {
            "method": "PUT",
            "header": [
              {
                "key": "Content-Type",
                "value": "application/json"
              }
            ],
            "auth": {
              "type": "bearer",
              "bearer": [
                {
                  "key": "token",
                  "value": "{{accessToken}}",
                  "type": "string"
                }
              ]
            },
            "url": {
              "raw": "{{baseUrl}}/api/admin/doctors/1",
              "host": [
                "{{baseUrl}}"
              ],
              "path": [
                "api",
                "admin",
                "doctors",
                "1"
              ]
            },
            "body": {
              "mode": "raw",
              "raw": "{\n  \"fullName\": \"Dr. John Smith\",\n  \"specialization\": \"General Medicine\",\n  \"enabled\": true\n}",
              "options": {
                "raw": {
                  "language": "json"
                }
              }
            }
          },
          "response": []
        },
        {
          "name": "Admin - Delete Doctor",
          "request": {
            "method": "DELETE",
            "auth": {
              "type": "bearer",
              "bearer": [
                {
                  "key": "token",
                  "value": "{{accessToken}}",
                  "type": "string"
                }
              ]
            },
            "url": {
              "raw": "{{baseUrl}}/api/admin/doctors/1",
              "host": [
                "{{baseUrl}}"
              ],
              "path": [
                "api",
                "admin",
                "doctors",
                "1"
              ]
            }
          },
          "response": []
        }
      ]
    },
    {
      "name": "Admin Management",
      "item": [
        {
          "name": "Create Another Admin",
          "request": {
            "method": "POST",
            "header": [
              {
                "key": "Content-Type",
                "value": "application/json"
              }
            ],
            "auth": {
              "type": "bearer",
              "bearer": [
                {
                  "key": "token",
                  "value": "{{accessToken}}",
                  "type": "string"
                }
              ]
            },
            "url": {
              "raw": "{{baseUrl}}/api/admin/admins",
              "host": [
                "{{baseUrl}}"
              ],
              "path": [
                "api",
                "admin",
                "admins"
              ]
            },
            "body": {
              "mode": "raw",
              "raw": "{\n  \"email\": \"second.admin@example.com\",\n  \"password\": \"Admin2@123\",\n  \"enabled\": true\n}",
              "options": {
                "raw": {
                  "language": "json"
                }
              }
            }
          },
          "response": []
        },
        {
          "name": "Update My Admin Account (/api/admin/admins/me)",
          "request": {
            "method": "PUT",
            "header": [
              {
                "key": "Content-Type",
                "value": "application/json"
              }
            ],
            "auth": {
              "type": "bearer",
              "bearer": [
                {
                  "key": "token",
                  "value": "{{accessToken}}",
                  "type": "string"
                }
              ]
            },
            "url": {
              "raw": "{{baseUrl}}/api/admin/admins/me",
              "host": [
                "{{baseUrl}}"
              ],
              "path": [
                "api",
                "admin",
                "admins",
                "me"
              ]
            },
            "body": {
              "mode": "raw",
              "raw": "{\n  \"email\": \"new.admin.email@example.com\",\n  \"password\": \"NewAdmin@123\",\n  \"enabled\": true\n}",
              "options": {
                "raw": {
                  "language": "json"
                }
              }
            }
          },
          "response": []
        },
        {
          "name": "Delete My Admin Account (/api/admin/admins/me)",
          "request": {
            "method": "DELETE",
            "auth": {
              "type": "bearer",
              "bearer": [
                {
                  "key": "token",
                  "value": "{{accessToken}}",
                  "type": "string"
                }
              ]
            },
            "url": {
              "raw": "{{baseUrl}}/api/admin/admins/me",
              "host": [
                "{{baseUrl}}"
              ],
              "path": [
                "api",
                "admin",
                "admins",
                "me"
              ]
            }
          },
          "response": []
        }
      ]
    },
    {
      "name": "Appointments",
      "item": [
        {
          "name": "Book Appointment",
          "request": {
            "method": "POST",
            "header": [
              {
                "key": "Content-Type",
                "value": "application/json"
              }
            ],
            "auth": {
              "type": "bearer",
              "bearer": [
                {
                  "key": "token",
                  "value": "{{accessToken}}",
                  "type": "string"
                }
              ]
            },
            "url": {
              "raw": "{{baseUrl}}/api/appointments",
              "host": [
                "{{baseUrl}}"
              ],
              "path": [
                "api",
                "appointments"
              ]
            },
            "body": {
              "mode": "raw",
              "raw": "{\n  \"doctorId\": 1,\n  \"appointmentTime\": \"2025-01-10T09:30:00\"\n}",
              "options": {
                "raw": {
                  "language": "json"
                }
              }
            }
          },
          "response": []
        },
        {
          "name": "My Appointments (Patient)",
          "request": {
            "method": "GET",
            "auth": {
              "type": "bearer",
              "bearer": [
                {
                  "key": "token",
                  "value": "{{accessToken}}",
                  "type": "string"
                }
              ]
            },
            "url": {
              "raw": "{{baseUrl}}/api/appointments/me",
              "host": [
                "{{baseUrl}}"
              ],
              "path": [
                "api",
                "appointments",
                "me"
              ]
            }
          },
          "response": []
        },
        {
          "name": "Doctor Today Appointments",
          "request": {
            "method": "GET",
            "auth": {
              "type": "bearer",
              "bearer": [
                {
                  "key": "token",
                  "value": "{{accessToken}}",
                  "type": "string"
                }
              ]
            },
            "url": {
              "raw": "{{baseUrl}}/api/appointments/doctor/today",
              "host": [
                "{{baseUrl}}"
              ],
              "path": [
                "api",
                "appointments",
                "doctor",
                "today"
              ]
            }
          },
          "response": []
        },
        {
          "name": "Get Appointment By Id",
          "request": {
            "method": "GET",
            "auth": {
              "type": "bearer",
              "bearer": [
                {
                  "key": "token",
                  "value": "{{accessToken}}",
                  "type": "string"
                }
              ]
            },
            "url": {
              "raw": "{{baseUrl}}/api/appointments/1",
              "host": [
                "{{baseUrl}}"
              ],
              "path": [
                "api",
                "appointments",
                "1"
              ]
            }
          },
          "response": []
        }
      ]
    },
    {
      "name": "Patient Requests",
      "item": [
        {
          "name": "Submit Patient Request",
          "request": {
            "method": "POST",
            "header": [
              {
                "key": "Content-Type",
                "value": "application/json"
              }
            ],
            "auth": {
              "type": "bearer",
              "bearer": [
                {
                  "key": "token",
                  "value": "{{accessToken}}",
                  "type": "string"
                }
              ]
            },
            "url": {
              "raw": "{{baseUrl}}/api/requests",
              "host": [
                "{{baseUrl}}"
              ],
              "path": [
                "api",
                "requests"
              ]
            },
            "body": {
              "mode": "raw",
              "raw": "{\n  \"text\": \"I need a follow-up consultation\",\n  \"doctorId\": 1\n}",
              "options": {
                "raw": {
                  "language": "json"
                }
              }
            }
          },
          "response": []
        },
        {
          "name": "Doctor - Approve Request",
          "request": {
            "method": "POST",
            "auth": {
              "type": "bearer",
              "bearer": [
                {
                  "key": "token",
                  "value": "{{accessToken}}",
                  "type": "string"
                }
              ]
            },
            "url": {
              "raw": "{{baseUrl}}/api/requests/1/approve?instruction=Take+rest+for+3+days",
              "host": [
                "{{baseUrl}}"
              ],
              "path": [
                "api",
                "requests",
                "1",
                "approve?instruction=Take+rest+for+3+days"
              ]
            }
          },
          "response": []
        },
        {
          "name": "Doctor - Reject Request",
          "request": {
            "method": "POST",
            "auth": {
              "type": "bearer",
              "bearer": [
                {
                  "key": "token",
                  "value": "{{accessToken}}",
                  "type": "string"
                }
              ]
            },
            "url": {
              "raw": "{{baseUrl}}/api/requests/1/reject?instruction=Not+required+right+now",
              "host": [
                "{{baseUrl}}"
              ],
              "path": [
                "api",
                "requests",
                "1",
                "reject?instruction=Not+required+right+now"
              ]
            }
          },
          "response": []
        },
        {
          "name": "Doctor - Pending Requests",
          "request": {
            "method": "GET",
            "auth": {
              "type": "bearer",
              "bearer": [
                {
                  "key": "token",
                  "value": "{{accessToken}}",
                  "type": "string"
                }
              ]
            },
            "url": {
              "raw": "{{baseUrl}}/api/requests/doctor/pending",
              "host": [
                "{{baseUrl}}"
              ],
              "path": [
                "api",
                "requests",
                "doctor",
                "pending"
              ]
            }
          },
          "response": []
        },
        {
          "name": "My Requests (Patient)",
          "request": {
            "method": "GET",
            "auth": {
              "type": "bearer",
              "bearer": [
                {
                  "key": "token",
                  "value": "{{accessToken}}",
                  "type": "string"
                }
              ]
            },
            "url": {
              "raw": "{{baseUrl}}/api/requests/me",
              "host": [
                "{{baseUrl}}"
              ],
              "path": [
                "api",
                "requests",
                "me"
              ]
            }
          },
          "response": []
        },
        {
          "name": "Get Request By Id",
          "request": {
            "method": "GET",
            "auth": {
              "type": "bearer",
              "bearer": [
                {
                  "key": "token",
                  "value": "{{accessToken}}",
                  "type": "string"
                }
              ]
            },
            "url": {
              "raw": "{{baseUrl}}/api/requests/1",
              "host": [
                "{{baseUrl}}"
              ],
              "path": [
                "api",
                "requests",
                "1"
              ]
            }
          },
          "response": []
        }
      ]
    },
    {
      "name": "Medical Records",
      "item": [
        {
          "name": "Create Medical Record (Doctor)",
          "request": {
            "method": "POST",
            "header": [
              {
                "key": "Content-Type",
                "value": "application/json"
              }
            ],
            "auth": {
              "type": "bearer",
              "bearer": [
                {
                  "key": "token",
                  "value": "{{accessToken}}",
                  "type": "string"
                }
              ]
            },
            "url": {
              "raw": "{{baseUrl}}/api/records",
              "host": [
                "{{baseUrl}}"
              ],
              "path": [
                "api",
                "records"
              ]
            },
            "body": {
              "mode": "raw",
              "raw": "{\n  \"appointmentId\": 1,\n  \"diagnosis\": \"Viral fever\",\n  \"observations\": \"Mild fever, headache\",\n  \"medication\": \"Paracetamol 500mg\"\n}",
              "options": {
                "raw": {
                  "language": "json"
                }
              }
            }
          },
          "response": []
        },
        {
          "name": "My Medical Records (Patient)",
          "request": {
            "method": "GET",
            "auth": {
              "type": "bearer",
              "bearer": [
                {
                  "key": "token",
                  "value": "{{accessToken}}",
                  "type": "string"
                }
              ]
            },
            "url": {
              "raw": "{{baseUrl}}/api/records/me",
              "host": [
                "{{baseUrl}}"
              ],
              "path": [
                "api",
                "records",
                "me"
              ]
            }
          },
          "response": []
        },
        {
          "name": "Doctor - Get Medical Record By Id",
          "request": {
            "method": "GET",
            "auth": {
              "type": "bearer",
              "bearer": [
                {
                  "key": "token",
                  "value": "{{accessToken}}",
                  "type": "string"
                }
              ]
            },
            "url": {
              "raw": "{{baseUrl}}/api/records/1",
              "host": [
                "{{baseUrl}}"
              ],
              "path": [
                "api",
                "records",
                "1"
              ]
            }
          },
          "response": []
        }
      ]
    },
    {
      "name": "Files",
      "item": [
        {
          "name": "Upload Patient File",
          "request": {
            "method": "POST",
            "auth": {
              "type": "bearer",
              "bearer": [
                {
                  "key": "token",
                  "value": "{{accessToken}}",
                  "type": "string"
                }
              ]
            },
            "url": {
              "raw": "{{baseUrl}}/api/files",
              "host": [
                "{{baseUrl}}"
              ],
              "path": [
                "api",
                "files"
              ]
            },
            "header": [
              {
                "key": "Content-Type",
                "value": "multipart/form-data"
              }
            ],
            "body": {
              "mode": "formdata",
              "formdata": [
                {
                  "key": "file",
                  "type": "file",
                  "src": "/path/to/your/file.pdf"
                }
              ]
            }
          },
          "response": []
        },
        {
          "name": "Download File By Id",
          "request": {
            "method": "GET",
            "auth": {
              "type": "bearer",
              "bearer": [
                {
                  "key": "token",
                  "value": "{{accessToken}}",
                  "type": "string"
                }
              ]
            },
            "url": {
              "raw": "{{baseUrl}}/api/files/1",
              "host": [
                "{{baseUrl}}"
              ],
              "path": [
                "api",
                "files",
                "1"
              ]
            }
          },
          "response": []
        }
      ]
    }
  ],
  "variable": [
    {
      "key": "baseUrl",
      "value": "http://localhost:8080"
    },
    {
      "key": "accessToken",
      "value": ""
    },
    {
      "key": "refreshToken",
      "value": ""
    }
  ]
}