{
  "id": "bebef670-9b07-467d-b07e-2128f0376636",
  "name": "HealthTrack360 Local (Admin)",
  "values": [
    {
      "key": "baseUrl",
      "value": "http://localhost:8080",
      "enabled": true
    },
    {
      "key": "accessToken",
      "value": "",
      "enabled": true
    },
    {
      "key": "refreshToken",
      "value": "",
      "enabled": true
    }
  ],
  "_postman_variable_scope": "environment",
  "_postman_exported_at": "2025-12-02T08:39:47.400678Z",
  "_postman_exported_using": "ChatGPT"
}