{
  "id": "1493010b-d413-49ec-b719-af54dbdfa9a0",
  "name": "HealthTrack360 Local Full",
  "values": [
    {
      "key": "baseUrl",
      "value": "http://localhost:8080",
      "enabled": true
    },
    {
      "key": "accessToken",
      "value": "",
      "enabled": true
    },
    {
      "key": "refreshToken",
      "value": "",
      "enabled": true
    }
  ],
  "_postman_variable_scope": "environment",
  "_postman_exported_at": "2025-12-02T16:42:46.285554Z",
  "_postman_exported_using": "ChatGPT"
}