{
  "info": {
    "_postman_id": "1bf5066f-16bd-4712-bbfe-37d456684401",
    "name": "HealthTrack360 - Full Controllers Collection",
    "schema": "https://schema.getpostman.com/json/collection/v2.1.0/collection.json",
    "description": "All main endpoints grouped by controller. Uses {{baseUrl}}, {{accessToken}}, {{refreshToken}}."
  },
  "item": [
    {
      "name": "AuthController",
      "item": [
        {
          "name": "Login",
          "request": {
            "method": "POST",
            "header": [
              {
                "key": "Content-Type",
                "value": "application/json"
              }
            ],
            "url": {
              "raw": "{{baseUrl}}/api/auth/login",
              "host": [
                "{{baseUrl}}"
              ],
              "path": [
                "api",
                "auth",
                "login"
              ]
            },
            "body": {
              "mode": "raw",
              "raw": "{\n  \"email\": \"admin@example.com\",\n  \"password\": \"Admin@123\"\n}",
              "options": {
                "raw": {
                  "language": "json"
                }
              }
            }
          }
        },
        {
          "name": "Refresh Token",
          "request": {
            "method": "POST",
            "header": [
              {
                "key": "Content-Type",
                "value": "application/json"
              }
            ],
            "url": {
              "raw": "{{baseUrl}}/api/auth/refresh",
              "host": [
                "{{baseUrl}}"
              ],
              "path": [
                "api",
                "auth",
                "refresh"
              ]
            },
            "body": {
              "mode": "raw",
              "raw": "{\n  \"refreshToken\": \"{{refreshToken}}\"\n}",
              "options": {
                "raw": {
                  "language": "json"
                }
              }
            }
          }
        },
        {
          "name": "Logout",
          "request": {
            "method": "POST",
            "header": [
              {
                "key": "Authorization",
                "value": "Bearer {{accessToken}}"
              },
              {
                "key": "Content-Type",
                "value": "application/json"
              }
            ],
            "url": {
              "raw": "{{baseUrl}}/api/auth/logout",
              "host": [
                "{{baseUrl}}"
              ],
              "path": [
                "api",
                "auth",
                "logout"
              ]
            },
            "body": {
              "mode": "raw",
              "raw": ""
            }
          }
        }
      ]
    },
    {
      "name": "PatientController",
      "item": [
        {
          "name": "Register Patient",
          "request": {
            "method": "POST",
            "header": [
              {
                "key": "Content-Type",
                "value": "application/json"
              }
            ],
            "url": {
              "raw": "{{baseUrl}}/api/patients/register",
              "host": [
                "{{baseUrl}}"
              ],
              "path": [
                "api",
                "patients",
                "register"
              ]
            },
            "body": {
              "mode": "raw",
              "raw": "{\n  \"givenName\": \"John\",\n  \"familyName\": \"Doe\",\n  \"gender\": \"MALE\",\n  \"dateOfBirth\": \"1995-01-10\",\n  \"addressLine1\": \"123 Main Street\",\n  \"addressLine2\": \"Apt 4B\",\n  \"country\": \"India\",\n  \"state\": \"Maharashtra\",\n  \"city\": \"Mumbai\",\n  \"zip\": \"400001\",\n  \"phoneNumber\": \"+91-9876543210\",\n  \"email\": \"john.doe@example.com\",\n  \"password\": \"Patient@123\"\n}",
              "options": {
                "raw": {
                  "language": "json"
                }
              }
            }
          }
        },
        {
          "name": "Get My Patient Profile (/api/patients/me)",
          "request": {
            "method": "GET",
            "header": [
              {
                "key": "Authorization",
                "value": "Bearer {{accessToken}}"
              }
            ],
            "url": {
              "raw": "{{baseUrl}}/api/patients/me",
              "host": [
                "{{baseUrl}}"
              ],
              "path": [
                "api",
                "patients",
                "me"
              ]
            }
          }
        },
        {
          "name": "Update My Patient Demographics (/api/patients/me)",
          "request": {
            "method": "PUT",
            "header": [
              {
                "key": "Authorization",
                "value": "Bearer {{accessToken}}"
              },
              {
                "key": "Content-Type",
                "value": "application/json"
              }
            ],
            "url": {
              "raw": "{{baseUrl}}/api/patients/me",
              "host": [
                "{{baseUrl}}"
              ],
              "path": [
                "api",
                "patients",
                "me"
              ]
            },
            "body": {
              "mode": "raw",
              "raw": "{\n  \"addressLine1\": \"456 New Address\",\n  \"addressLine2\": \"Near City Center\",\n  \"country\": \"India\",\n  \"state\": \"Maharashtra\",\n  \"city\": \"Pune\",\n  \"zip\": \"411001\",\n  \"phoneNumber\": \"+91-9999999999\"\n}",
              "options": {
                "raw": {
                  "language": "json"
                }
              }
            }
          }
        },
        {
          "name": "Admin - List Patients (/api/patients)",
          "request": {
            "method": "GET",
            "header": [
              {
                "key": "Authorization",
                "value": "Bearer {{accessToken}}"
              }
            ],
            "url": {
              "raw": "{{baseUrl}}/api/patients",
              "host": [
                "{{baseUrl}}"
              ],
              "path": [
                "api",
                "patients"
              ]
            }
          }
        },
        {
          "name": "Admin - Get Patient By Id (/api/patients/{id})",
          "request": {
            "method": "GET",
            "header": [
              {
                "key": "Authorization",
                "value": "Bearer {{accessToken}}"
              }
            ],
            "url": {
              "raw": "{{baseUrl}}/api/patients/1",
              "host": [
                "{{baseUrl}}"
              ],
              "path": [
                "api",
                "patients",
                "1"
              ]
            }
          }
        },
        {
          "name": "Admin - Delete Patient By Id (/api/patients/{id})",
          "request": {
            "method": "DELETE",
            "header": [
              {
                "key": "Authorization",
                "value": "Bearer {{accessToken}}"
              }
            ],
            "url": {
              "raw": "{{baseUrl}}/api/patients/1",
              "host": [
                "{{baseUrl}}"
              ],
              "path": [
                "api",
                "patients",
                "1"
              ]
            }
          }
        }
      ]
    },
    {
      "name": "DoctorController",
      "item": [
        {
          "name": "Admin - Create Doctor",
          "request": {
            "method": "POST",
            "header": [
              {
                "key": "Authorization",
                "value": "Bearer {{accessToken}}"
              },
              {
                "key": "Content-Type",
                "value": "application/json"
              }
            ],
            "url": {
              "raw": "{{baseUrl}}/api/admin/doctors",
              "host": [
                "{{baseUrl}}"
              ],
              "path": [
                "api",
                "admin",
                "doctors"
              ]
            },
            "body": {
              "mode": "raw",
              "raw": "{\n  \"fullName\": \"Dr. Smith\",\n  \"specialization\": \"Cardiology\",\n  \"email\": \"dr.smith@example.com\",\n  \"password\": \"Doctor@123\",\n  \"enabled\": true\n}",
              "options": {
                "raw": {
                  "language": "json"
                }
              }
            }
          }
        },
        {
          "name": "Admin - List Doctors",
          "request": {
            "method": "GET",
            "header": [
              {
                "key": "Authorization",
                "value": "Bearer {{accessToken}}"
              }
            ],
            "url": {
              "raw": "{{baseUrl}}/api/admin/doctors",
              "host": [
                "{{baseUrl}}"
              ],
              "path": [
                "api",
                "admin",
                "doctors"
              ]
            }
          }
        },
        {
          "name": "Admin - Get Doctor By Id",
          "request": {
            "method": "GET",
            "header": [
              {
                "key": "Authorization",
                "value": "Bearer {{accessToken}}"
              }
            ],
            "url": {
              "raw": "{{baseUrl}}/api/admin/doctors/1",
              "host": [
                "{{baseUrl}}"
              ],
              "path": [
                "api",
                "admin",
                "doctors",
                "1"
              ]
            }
          }
        },
        {
          "name": "Admin - Update Doctor",
          "request": {
            "method": "PUT",
            "header": [
              {
                "key": "Authorization",
                "value": "Bearer {{accessToken}}"
              },
              {
                "key": "Content-Type",
                "value": "application/json"
              }
            ],
            "url": {
              "raw": "{{baseUrl}}/api/admin/doctors/1",
              "host": [
                "{{baseUrl}}"
              ],
              "path": [
                "api",
                "admin",
                "doctors",
                "1"
              ]
            },
            "body": {
              "mode": "raw",
              "raw": "{\n  \"fullName\": \"Dr. John Smith\",\n  \"specialization\": \"General Medicine\",\n  \"enabled\": true\n}",
              "options": {
                "raw": {
                  "language": "json"
                }
              }
            }
          }
        },
        {
          "name": "Admin - Delete Doctor",
          "request": {
            "method": "DELETE",
            "header": [
              {
                "key": "Authorization",
                "value": "Bearer {{accessToken}}"
              }
            ],
            "url": {
              "raw": "{{baseUrl}}/api/admin/doctors/1",
              "host": [
                "{{baseUrl}}"
              ],
              "path": [
                "api",
                "admin",
                "doctors",
                "1"
              ]
            }
          }
        }
      ]
    },
    {
      "name": "AppointmentController",
      "item": [
        {
          "name": "Book Appointment (Patient)",
          "request": {
            "method": "POST",
            "header": [
              {
                "key": "Authorization",
                "value": "Bearer {{accessToken}}"
              },
              {
                "key": "Content-Type",
                "value": "application/json"
              }
            ],
            "url": {
              "raw": "{{baseUrl}}/api/appointments",
              "host": [
                "{{baseUrl}}"
              ],
              "path": [
                "api",
                "appointments"
              ]
            },
            "body": {
              "mode": "raw",
              "raw": "{\n  \"doctorId\": 1,\n  \"appointmentTime\": \"2025-01-10T09:30:00\"\n}",
              "options": {
                "raw": {
                  "language": "json"
                }
              }
            }
          }
        },
        {
          "name": "Get My Appointments (Patient)",
          "request": {
            "method": "GET",
            "header": [
              {
                "key": "Authorization",
                "value": "Bearer {{accessToken}}"
              }
            ],
            "url": {
              "raw": "{{baseUrl}}/api/appointments/me",
              "host": [
                "{{baseUrl}}"
              ],
              "path": [
                "api",
                "appointments",
                "me"
              ]
            }
          }
        },
        {
          "name": "Get Today's Appointments (Doctor)",
          "request": {
            "method": "GET",
            "header": [
              {
                "key": "Authorization",
                "value": "Bearer {{accessToken}}"
              }
            ],
            "url": {
              "raw": "{{baseUrl}}/api/appointments/doctor/today",
              "host": [
                "{{baseUrl}}"
              ],
              "path": [
                "api",
                "appointments",
                "doctor",
                "today"
              ]
            }
          }
        },
        {
          "name": "Get Appointment By Id",
          "request": {
            "method": "GET",
            "header": [
              {
                "key": "Authorization",
                "value": "Bearer {{accessToken}}"
              }
            ],
            "url": {
              "raw": "{{baseUrl}}/api/appointments/1",
              "host": [
                "{{baseUrl}}"
              ],
              "path": [
                "api",
                "appointments",
                "1"
              ]
            }
          }
        }
      ]
    },
    {
      "name": "PatientRequestController",
      "item": [
        {
          "name": "Submit Patient Request (Patient)",
          "request": {
            "method": "POST",
            "header": [
              {
                "key": "Authorization",
                "value": "Bearer {{accessToken}}"
              },
              {
                "key": "Content-Type",
                "value": "application/json"
              }
            ],
            "url": {
              "raw": "{{baseUrl}}/api/requests",
              "host": [
                "{{baseUrl}}"
              ],
              "path": [
                "api",
                "requests"
              ]
            },
            "body": {
              "mode": "raw",
              "raw": "{\n  \"text\": \"I need a follow-up consultation\",\n  \"doctorId\": 1\n}",
              "options": {
                "raw": {
                  "language": "json"
                }
              }
            }
          }
        },
        {
          "name": "Doctor - Approve Request",
          "request": {
            "method": "POST",
            "header": [
              {
                "key": "Authorization",
                "value": "Bearer {{accessToken}}"
              }
            ],
            "url": {
              "raw": "{{baseUrl}}/api/requests/1/approve?instruction=Take+rest+for+3+days",
              "host": [
                "{{baseUrl}}"
              ],
              "path": [
                "api",
                "requests",
                "1",
                "approve"
              ],
              "query": [
                {
                  "key": "instruction",
                  "value": "Take rest for 3 days"
                }
              ]
            }
          }
        },
        {
          "name": "Doctor - Reject Request",
          "request": {
            "method": "POST",
            "header": [
              {
                "key": "Authorization",
                "value": "Bearer {{accessToken}}"
              }
            ],
            "url": {
              "raw": "{{baseUrl}}/api/requests/1/reject?instruction=Not+required+right+now",
              "host": [
                "{{baseUrl}}"
              ],
              "path": [
                "api",
                "requests",
                "1",
                "reject"
              ],
              "query": [
                {
                  "key": "instruction",
                  "value": "Not required right now"
                }
              ]
            }
          }
        },
        {
          "name": "Doctor - Pending Requests",
          "request": {
            "method": "GET",
            "header": [
              {
                "key": "Authorization",
                "value": "Bearer {{accessToken}}"
              }
            ],
            "url": {
              "raw": "{{baseUrl}}/api/requests/doctor/pending",
              "host": [
                "{{baseUrl}}"
              ],
              "path": [
                "api",
                "requests",
                "doctor",
                "pending"
              ]
            }
          }
        },
        {
          "name": "Get My Requests (Patient)",
          "request": {
            "method": "GET",
            "header": [
              {
                "key": "Authorization",
                "value": "Bearer {{accessToken}}"
              }
            ],
            "url": {
              "raw": "{{baseUrl}}/api/requests/me",
              "host": [
                "{{baseUrl}}"
              ],
              "path": [
                "api",
                "requests",
                "me"
              ]
            }
          }
        },
        {
          "name": "Get Request By Id",
          "request": {
            "method": "GET",
            "header": [
              {
                "key": "Authorization",
                "value": "Bearer {{accessToken}}"
              }
            ],
            "url": {
              "raw": "{{baseUrl}}/api/requests/1",
              "host": [
                "{{baseUrl}}"
              ],
              "path": [
                "api",
                "requests",
                "1"
              ]
            }
          }
        }
      ]
    },
    {
      "name": "MedicalRecordController",
      "item": [
        {
          "name": "Create Medical Record (Doctor)",
          "request": {
            "method": "POST",
            "header": [
              {
                "key": "Authorization",
                "value": "Bearer {{accessToken}}"
              },
              {
                "key": "Content-Type",
                "value": "application/json"
              }
            ],
            "url": {
              "raw": "{{baseUrl}}/api/records",
              "host": [
                "{{baseUrl}}"
              ],
              "path": [
                "api",
                "records"
              ]
            },
            "body": {
              "mode": "raw",
              "raw": "{\n  \"appointmentId\": 1,\n  \"diagnosis\": \"Viral fever\",\n  \"observations\": \"Mild fever, headache\",\n  \"medication\": \"Paracetamol 500mg\"\n}",
              "options": {
                "raw": {
                  "language": "json"
                }
              }
            }
          }
        },
        {
          "name": "Get My Medical Records (Patient)",
          "request": {
            "method": "GET",
            "header": [
              {
                "key": "Authorization",
                "value": "Bearer {{accessToken}}"
              }
            ],
            "url": {
              "raw": "{{baseUrl}}/api/records/me",
              "host": [
                "{{baseUrl}}"
              ],
              "path": [
                "api",
                "records",
                "me"
              ]
            }
          }
        },
        {
          "name": "Doctor - Get Medical Record By Id",
          "request": {
            "method": "GET",
            "header": [
              {
                "key": "Authorization",
                "value": "Bearer {{accessToken}}"
              }
            ],
            "url": {
              "raw": "{{baseUrl}}/api/records/1",
              "host": [
                "{{baseUrl}}"
              ],
              "path": [
                "api",
                "records",
                "1"
              ]
            }
          }
        }
      ]
    },
    {
      "name": "FileController",
      "item": [
        {
          "name": "Upload File (Patient)",
          "request": {
            "method": "POST",
            "header": [
              {
                "key": "Authorization",
                "value": "Bearer {{accessToken}}"
              },
              {
                "key": "Content-Type",
                "value": "multipart/form-data"
              }
            ],
            "url": {
              "raw": "{{baseUrl}}/api/files",
              "host": [
                "{{baseUrl}}"
              ],
              "path": [
                "api",
                "files"
              ]
            },
            "body": {
              "mode": "formdata",
              "formdata": [
                {
                  "key": "file",
                  "type": "file",
                  "src": "/path/to/your/file.pdf"
                }
              ]
            }
          }
        },
        {
          "name": "Download File By Id",
          "request": {
            "method": "GET",
            "header": [
              {
                "key": "Authorization",
                "value": "Bearer {{accessToken}}"
              }
            ],
            "url": {
              "raw": "{{baseUrl}}/api/files/1",
              "host": [
                "{{baseUrl}}"
              ],
              "path": [
                "api",
                "files",
                "1"
              ]
            }
          }
        }
      ]
    },
    {
      "name": "AdminUserController",
      "item": [
        {
          "name": "Create Another Admin",
          "request": {
            "method": "POST",
            "header": [
              {
                "key": "Authorization",
                "value": "Bearer {{accessToken}}"
              },
              {
                "key": "Content-Type",
                "value": "application/json"
              }
            ],
            "url": {
              "raw": "{{baseUrl}}/api/admin/admins",
              "host": [
                "{{baseUrl}}"
              ],
              "path": [
                "api",
                "admin",
                "admins"
              ]
            },
            "body": {
              "mode": "raw",
              "raw": "{\n  \"email\": \"second.admin@example.com\",\n  \"password\": \"Admin2@123\",\n  \"enabled\": true\n}",
              "options": {
                "raw": {
                  "language": "json"
                }
              }
            }
          }
        },
        {
          "name": "Update My Admin Account (/api/admin/admins/me)",
          "request": {
            "method": "PUT",
            "header": [
              {
                "key": "Authorization",
                "value": "Bearer {{accessToken}}"
              },
              {
                "key": "Content-Type",
                "value": "application/json"
              }
            ],
            "url": {
              "raw": "{{baseUrl}}/api/admin/admins/me",
              "host": [
                "{{baseUrl}}"
              ],
              "path": [
                "api",
                "admin",
                "admins",
                "me"
              ]
            },
            "body": {
              "mode": "raw",
              "raw": "{\n  \"email\": \"updated.admin@example.com\",\n  \"password\": \"NewAdmin@123\",\n  \"enabled\": true\n}",
              "options": {
                "raw": {
                  "language": "json"
                }
              }
            }
          }
        },
        {
          "name": "Delete My Admin Account (/api/admin/admins/me)",
          "request": {
            "method": "DELETE",
            "header": [
              {
                "key": "Authorization",
                "value": "Bearer {{accessToken}}"
              }
            ],
            "url": {
              "raw": "{{baseUrl}}/api/admin/admins/me",
              "host": [
                "{{baseUrl}}"
              ],
              "path": [
                "api",
                "admin",
                "admins",
                "me"
              ]
            }
          }
        }
      ]
    }
  ],
  "variable": [
    {
      "key": "baseUrl",
      "value": "http://localhost:8080"
    },
    {
      "key": "accessToken",
      "value": ""
    },
    {
      "key": "refreshToken",
      "value": ""
    }
  ]
}