{
  "info": {
    "name": "Patient CRUD Full API",
    "schema": "https://schema.getpostman.com/json/collection/v2.1.0/collection.json"
  },
  "item": [
    {
      "name": "Get All Patients",
      "request": {
        "method": "GET",
        "url": "http://localhost:8080/patients"
      }
    },
    {
      "name": "Get Patient By ID",
      "request": {
        "method": "GET",
        "url": "http://localhost:8080/patients?id=1"
      }
    },
    {
      "name": "Find Patient By Name",
      "request": {
        "method": "GET",
        "url": "http://localhost:8080/patients?name=Amit"
      }
    },
    {
      "name": "Find Patient By Lab",
      "request": {
        "method": "GET",
        "url": "http://localhost:8080/patients?lab=Dengue"
      }
    },
    {
      "name": "Find Patient By Lab And Name",
      "request": {
        "method": "GET",
        "url": "http://localhost:8080/patients?lab=Dengue&name=Amit"
      }
    },
    {
      "name": "Add Patient",
      "request": {
        "method": "POST",
        "header": [
          {
            "key": "Content-Type",
            "value": "application/json"
          }
        ],
        "body": {
          "mode": "raw",
          "raw": "{\n  \"name\": \"Utkarsh\",\n  \"age\": 26.5,\n  \"labs\": [\n    {\n      \"labName\": \"Dengue\",\n      \"labResult\": \"Negative\"\n    }\n  ]\n}"
        },
        "url": "http://localhost:8080/patients"
      }
    },
    {
      "name": "Update Patient By ID",
      "request": {
        "method": "PUT",
        "header": [
          {
            "key": "Content-Type",
            "value": "application/json"
          }
        ],
        "body": {
          "mode": "raw",
          "raw": "{\n  \"name\": \"Utkarsh Updated\",\n  \"age\": 27.0,\n  \"labs\": [\n    {\n      \"labName\": \"Dengue\",\n      \"labResult\": \"Recovered\"\n    }\n  ]\n}"
        },
        "url": "http://localhost:8080/patients?id=1"
      }
    },
    {
      "name": "Delete Patient By ID",
      "request": {
        "method": "DELETE",
        "url": "http://localhost:8080/patients?id=1"
      }
    },
    {
      "name": "Delete All Patients",
      "request": {
        "method": "DELETE",
        "url": "http://localhost:8080/patients?all=true"
      }
    }
  ]
}